{"cameraMode":{"drawMode":0,"name":"Shaded","section":"Shading Mode"},"sceneLighting":true,"audioPlay":false,"sceneViewState":{"showFog":true,"showMaterialUpdate":false,"showSkybox":true,"showFlares":true,"showImageEffects":true,"showParticleSystems":true},"in2DMode":false,"pivot":{"x":18.441303253173829,"y":-19.63727569580078,"z":-4.218245506286621},"rotation":{"x":-0.28276142477989199,"y":-0.6811969876289368,"z":0.32556068897247317,"w":-0.5917235612869263},"size":28.418363571166993,"orthographic":false}