{"cameraMode":{"drawMode":0,"name":"Shaded","section":"Shading Mode"},"sceneLighting":false,"audioPlay":false,"sceneViewState":{"showFog":true,"showMaterialUpdate":false,"showSkybox":false,"showFlares":true,"showImageEffects":true,"showParticleSystems":true},"in2DMode":false,"pivot":{"x":-3.2188405990600588,"y":0.6300676465034485,"z":-4.332395553588867},"rotation":{"x":-0.1633598357439041,"y":-0.6831312775611877,"z":0.16085512936115266,"w":-0.6934330463409424},"size":12.583883285522461,"orthographic":false}