{"cameraMode":{"drawMode":0,"name":"Shaded","section":"Shading Mode"},"sceneLighting":true,"audioPlay":false,"sceneViewState":{"showFog":true,"showMaterialUpdate":false,"showSkybox":true,"showFlares":true,"showImageEffects":true,"showParticleSystems":true},"in2DMode":false,"pivot":{"x":-53.068119049072269,"y":-49.18144226074219,"z":-2.0689334869384767},"rotation":{"x":-0.24017131328582765,"y":0.7091492414474487,"z":-0.2842934727668762,"w":-0.5989509224891663},"size":74.39031219482422,"orthographic":false}