{"cameraMode":{"drawMode":0,"name":"Shaded","section":"Shading Mode"},"sceneLighting":false,"audioPlay":false,"sceneViewState":{"showFog":true,"showMaterialUpdate":false,"showSkybox":false,"showFlares":true,"showImageEffects":true,"showParticleSystems":true},"in2DMode":false,"pivot":{"x":0.002473060041666031,"y":-0.03695005178451538,"z":-0.0856175422668457},"rotation":{"x":-0.06829569488763809,"y":-0.7898932099342346,"z":0.08948742598295212,"w":-0.6028429865837097},"size":2.2141952514648439,"orthographic":false}