{"cameraMode":{"drawMode":0,"name":"Shaded","section":"Shading Mode"},"sceneLighting":false,"audioPlay":false,"sceneViewState":{"showFog":true,"showMaterialUpdate":false,"showSkybox":false,"showFlares":true,"showImageEffects":true,"showParticleSystems":true},"in2DMode":false,"pivot":{"x":-2.6188955307006838,"y":2.054239273071289,"z":-4.145279407501221},"rotation":{"x":-0.1213209480047226,"y":-0.6864410042762756,"z":0.11765497177839279,"w":-0.707330048084259},"size":12.583883285522461,"orthographic":false}