{"cameraMode":{"drawMode":0,"name":"Shaded","section":"Shading Mode"},"sceneLighting":true,"audioPlay":false,"sceneViewState":{"showFog":true,"showMaterialUpdate":false,"showSkybox":true,"showFlares":true,"showImageEffects":true,"showParticleSystems":true},"in2DMode":false,"pivot":{"x":0.20774413645267487,"y":0.13330000638961793,"z":0.011760354042053223},"rotation":{"x":-0.24017131328582765,"y":0.7091492414474487,"z":-0.2842934727668762,"w":-0.5989509224891663},"size":3.68589186668396,"orthographic":false}