{"cameraMode":{"drawMode":0,"name":"Shaded","section":"Shading Mode"},"sceneLighting":true,"audioPlay":false,"sceneViewState":{"showFog":true,"showMaterialUpdate":false,"showSkybox":true,"showFlares":true,"showImageEffects":true,"showParticleSystems":true},"in2DMode":false,"pivot":{"x":8.522690773010254,"y":-1.8016376495361329,"z":-1.3191529512405396},"rotation":{"x":0.16262571513652802,"y":0.6373826265335083,"z":-0.14006377756595612,"w":0.740056574344635},"size":10.0,"orthographic":false}