{"cameraMode":{"drawMode":0,"name":"Shaded","section":"Shading Mode"},"sceneLighting":false,"audioPlay":false,"sceneViewState":{"showFog":true,"showMaterialUpdate":false,"showSkybox":false,"showFlares":true,"showImageEffects":true,"showParticleSystems":true},"in2DMode":false,"pivot":{"x":3.6989328861236574,"y":1.2789655923843384,"z":-3.406494140625},"rotation":{"x":0.03659585118293762,"y":0.8141016364097595,"z":-0.05160955712199211,"w":0.5772713422775269},"size":2.2238078117370607,"orthographic":false}