{"cameraMode":{"drawMode":0,"name":"Shaded","section":"Shading Mode"},"sceneLighting":true,"audioPlay":false,"sceneViewState":{"showFog":true,"showMaterialUpdate":false,"showSkybox":true,"showFlares":true,"showImageEffects":true,"showParticleSystems":true},"in2DMode":false,"pivot":{"x":-3.4148857593536379,"y":-3.391221284866333,"z":-1.709864616394043},"rotation":{"x":0.393217533826828,"y":-0.5792863965034485,"z":0.3867156207561493,"w":0.6011031866073608},"size":5.402554512023926,"orthographic":false}