{"cameraMode":{"drawMode":0,"name":"Shaded","section":"Shading Mode"},"sceneLighting":false,"audioPlay":false,"sceneViewState":{"showFog":true,"showMaterialUpdate":false,"showSkybox":false,"showFlares":true,"showImageEffects":true,"showParticleSystems":true},"in2DMode":false,"pivot":{"x":-6.108456611633301,"y":7.948765754699707,"z":0.11151406913995743},"rotation":{"x":0.3367379605770111,"y":0.6233481168746948,"z":-0.33917051553726199,"w":0.6188793778419495},"size":2.745234251022339,"orthographic":false}