{"cameraMode":{"drawMode":0,"name":"Shaded","section":"Shading Mode"},"sceneLighting":true,"audioPlay":false,"sceneViewState":{"showFog":true,"showMaterialUpdate":false,"showSkybox":true,"showFlares":true,"showImageEffects":true,"showParticleSystems":true},"in2DMode":false,"pivot":{"x":-1.350028395652771,"y":0.8581724166870117,"z":-0.25349777936935427},"rotation":{"x":0.36198991537094118,"y":-0.5377471446990967,"z":0.2741883099079132,"w":0.7105277180671692},"size":0.866956889629364,"orthographic":false}