{"cameraMode":{"drawMode":0,"name":"Shaded","section":"Shading Mode"},"sceneLighting":true,"audioPlay":false,"sceneViewState":{"showFog":true,"showMaterialUpdate":false,"showSkybox":true,"showFlares":true,"showImageEffects":true,"showParticleSystems":true},"in2DMode":false,"pivot":{"x":-0.14828908443450929,"y":1.5964186191558838,"z":6.571756362915039},"rotation":{"x":0.3174382448196411,"y":-0.4266582131385803,"z":0.16291704773902894,"w":0.831159234046936},"size":2.2196176052093508,"orthographic":false}