{"cameraMode":{"drawMode":0,"name":"Shaded","section":"Shading Mode"},"sceneLighting":true,"audioPlay":false,"sceneViewState":{"showFog":true,"showMaterialUpdate":false,"showSkybox":true,"showFlares":true,"showImageEffects":true,"showParticleSystems":true},"in2DMode":false,"pivot":{"x":-3.8592090606689455,"y":-2.7593438625335695,"z":1.473653793334961},"rotation":{"x":-0.26236674189567568,"y":0.546729564666748,"z":-0.19592371582984925,"w":-0.7714052200317383},"size":8.875628471374512,"orthographic":false}