{"cameraMode":{"drawMode":0,"name":"Shaded","section":"Shading Mode"},"sceneLighting":true,"audioPlay":false,"sceneViewState":{"showFog":false,"showMaterialUpdate":false,"showSkybox":true,"showFlares":false,"showImageEffects":false,"showParticleSystems":false},"in2DMode":false,"pivot":{"x":544.5206298828125,"y":12.773992538452149,"z":428.38165283203127},"rotation":{"x":-0.12013433873653412,"y":0.5302979350090027,"z":-0.0731281191110611,"w":-0.8368386030197144},"size":101.91468048095703,"orthographic":false}