{"cameraMode":{"drawMode":0,"name":"Shaded","section":"Shading Mode"},"sceneLighting":true,"audioPlay":false,"sceneViewState":{"showFog":true,"showMaterialUpdate":false,"showSkybox":true,"showFlares":true,"showImageEffects":true,"showParticleSystems":true},"in2DMode":false,"pivot":{"x":123.65090942382813,"y":1.3369295597076417,"z":-1516.5855712890625},"rotation":{"x":0.0037351890932768585,"y":-0.9834738373756409,"z":0.18079641461372376,"w":0.018740765750408174},"size":3.5340723991394045,"orthographic":false}