{"cameraMode":{"drawMode":0,"name":"Shaded","section":"Shading Mode"},"sceneLighting":true,"audioPlay":false,"sceneViewState":{"showFog":false,"showMaterialUpdate":false,"showSkybox":true,"showFlares":false,"showImageEffects":false,"showParticleSystems":false},"in2DMode":false,"pivot":{"x":667.929443359375,"y":5.458940029144287,"z":463.3297424316406},"rotation":{"x":-0.09110438823699951,"y":0.23921512067317964,"z":-0.01860186643898487,"w":-0.9670068621635437},"size":21.28723907470703,"orthographic":false}