{"cameraMode":{"drawMode":0,"name":"Shaded","section":"Shading Mode"},"sceneLighting":true,"audioPlay":false,"sceneViewState":{"showFog":true,"showMaterialUpdate":false,"showSkybox":true,"showFlares":true,"showImageEffects":true,"showParticleSystems":true},"in2DMode":false,"pivot":{"x":747.2501220703125,"y":-554.4036254882813,"z":550.010986328125},"rotation":{"x":-0.3576726019382477,"y":-0.6029098629951477,"z":0.3494936227798462,"w":-0.6221470236778259},"size":1319.631591796875,"orthographic":false}