{"cameraMode":{"drawMode":0,"name":"Shaded","section":"Shading Mode"},"sceneLighting":true,"audioPlay":false,"sceneViewState":{"showFog":true,"showMaterialUpdate":false,"showSkybox":true,"showFlares":true,"showImageEffects":true,"showParticleSystems":true},"in2DMode":false,"pivot":{"x":171.64108276367188,"y":1.0423858165740967,"z":-1497.2265625},"rotation":{"x":0.07193080335855484,"y":-0.9171769022941589,"z":0.19254867732524873,"w":0.34167784452438357},"size":6.09733247756958,"orthographic":false}