{"cameraMode":{"drawMode":0,"name":"Shaded","section":"Shading Mode"},"sceneLighting":true,"audioPlay":false,"sceneViewState":{"showFog":true,"showMaterialUpdate":false,"showSkybox":true,"showFlares":true,"showImageEffects":true,"showParticleSystems":true},"in2DMode":false,"pivot":{"x":174.24900817871095,"y":-0.20515750348567964,"z":-1501.2430419921875},"rotation":{"x":0.011650247499346733,"y":0.9364811182022095,"z":-0.3493350148200989,"w":0.034490060061216357},"size":3.3001046180725099,"orthographic":false}