{"cameraMode":{"drawMode":0,"name":"Shaded","section":"Shading Mode"},"sceneLighting":true,"audioPlay":false,"sceneViewState":{"showFog":false,"showMaterialUpdate":false,"showSkybox":true,"showFlares":false,"showImageEffects":false,"showParticleSystems":false},"in2DMode":false,"pivot":{"x":569.6342163085938,"y":4.360239505767822,"z":413.29083251953127},"rotation":{"x":-0.12799327075481416,"y":-0.45991167426109316,"z":0.07145220041275025,"w":-0.8763482570648193},"size":21.28723907470703,"orthographic":false}