{"cameraMode":{"drawMode":0,"name":"Shaded","section":"Shading Mode"},"sceneLighting":true,"audioPlay":false,"sceneViewState":{"showFog":true,"showMaterialUpdate":false,"showSkybox":true,"showFlares":true,"showImageEffects":true,"showParticleSystems":true},"in2DMode":false,"pivot":{"x":109.5999984741211,"y":0.5700043439865112,"z":-1487.0},"rotation":{"x":-0.041839517652988437,"y":0.9497429728507996,"z":-0.1434755176305771,"w":-0.275373637676239},"size":5.933956623077393,"orthographic":false}