{"cameraMode":{"drawMode":0,"name":"Shaded","section":"Shading Mode"},"sceneLighting":true,"audioPlay":false,"sceneViewState":{"showFog":false,"showMaterialUpdate":false,"showSkybox":true,"showFlares":false,"showImageEffects":false,"showParticleSystems":false},"in2DMode":false,"pivot":{"x":495.9486083984375,"y":-139.37933349609376,"z":368.2960510253906},"rotation":{"x":-0.5796476006507874,"y":0.06377499550580979,"z":-0.038742270320653918,"w":-0.8120937347412109},"size":1195.5435791015625,"orthographic":false}