{"cameraMode":{"drawMode":0,"name":"Shaded","section":"Shading Mode"},"sceneLighting":true,"audioPlay":false,"sceneViewState":{"showFog":false,"showMaterialUpdate":false,"showSkybox":true,"showFlares":false,"showImageEffects":false,"showParticleSystems":false},"in2DMode":false,"pivot":{"x":533.9840698242188,"y":5.159632682800293,"z":399.0205078125},"rotation":{"x":0.02614210918545723,"y":-0.974414050579071,"z":0.1092977374792099,"w":0.1971249282360077},"size":21.28723907470703,"orthographic":false}