{"cameraMode":{"drawMode":0,"name":"Shaded","section":"Shading Mode"},"sceneLighting":false,"audioPlay":false,"sceneViewState":{"showFog":true,"showMaterialUpdate":false,"showSkybox":false,"showFlares":true,"showImageEffects":true,"showParticleSystems":true},"in2DMode":false,"pivot":{"x":175.1588592529297,"y":0.3538404703140259,"z":-1488.9345703125},"rotation":{"x":0.03470027819275856,"y":0.9650838375091553,"z":-0.1786610335111618,"w":0.1889210045337677},"size":0.8642820715904236,"orthographic":false}